postal_code_clean,lat,lon
542281,1.38572827063194,103.891859598966
361206,1.3411369152006,103.872560280271
752128,1.44514889153347,103.833925659353
249196,1.29544467770808,103.828018548794
753362,1.44668372388674,103.813225771052
549404,1.35976188011926,103.882179843583
390049,1.30888261835169,103.885424848249
339511,1.30974242004976,103.864101650501
642661,1.33584938847644,103.705525287934
737853,1.43482603452741,103.802773360648
648782,1.35197620896914,103.701509123721
820228,1.40332247370537,103.892035446143
149382,1.29933286640747,103.807166049854
760875,1.41476320431294,103.836287031325
510216,1.36902277185274,103.960913196589
651395,1.36448974299463,103.751987145985
536186,1.34656519532706,103.882794415233
506996,1.3798679669468,103.962453075102
457037,1.31141604877566,103.929290143671
570185,1.34976132220948,103.852452066517
270005,1.31269310627626,103.788308828224
760781,1.42218596283389,103.832359637226
546654,1.39219326293479,103.901014104505
768159,1.43625253850615,103.843001218512
310131,1.3379617298204,103.843250722733
638350,1.33753395293831,103.692497391553
510214,1.3677150762231,103.961300164735
328516,1.31861240780884,103.856094947902
555859,1.37699716825195,103.874737539072
140040,1.29645842578646,103.806207569922
822208,1.40136153880902,103.901127199853
463222,1.3241279645869,103.9280621579
439235,1.30923726736182,103.899035307875
670402,1.38031226320182,103.768073595
731628,1.43497477389557,103.800850684514
640837,1.34307732968771,103.692906031929
118524,1.27812903004903,103.796754320751
520887,1.35046411304959,103.931896396161
520713,1.35924098095519,103.937646641338
520856,1.35344324893831,103.936557632514
140145,1.29381815215672,103.804886574515
530023,1.36486665431312,103.890727968932
690302,1.36095794799683,103.738605527288
470713,1.33631180271797,103.922392175358
640528,1.34831968709824,103.71695546848
460115,1.33143368026417,103.936865404278
510557,1.36703194161092,103.952128615771
540231,1.38914380084977,103.901353490892
550125,1.36645063269507,103.872110834899
530221,1.35660452605974,103.883650629313
540208,1.38402863973162,103.898104536867
530414,1.37490432557755,103.895995988554
460525,1.33460113941761,103.929445271638
465466,1.32489040193075,103.944841446726
640221,1.34633552457315,103.712430373455
470709,1.33541606502637,103.922350075379
670445,1.38358032362676,103.770768501474
400315,1.32935634839085,103.903220788002
428751,1.30394669999181,103.902825585763
439738,1.3059017515784,103.895213460016
307970,1.31798740095127,103.841298113497
348475,1.32845105129225,103.871337487087
760865,1.41426758730393,103.838259938154
143078,1.29410699961945,103.809540875876
529455,1.34884145099795,103.949335256865
570153,1.34608595890118,103.855078297214
429740,1.30780887362873,103.900785591024
160134,1.27883101079191,103.82772371417
419500,1.3206153352578,103.905457824837
680151,1.37841034566731,103.757250622283
568346,1.35459825427699,103.859305478507
530997,1.38544284304831,103.880763249489
556552,1.36418559374455,103.863343559518
530954,1.37676277666481,103.878108300823
730877,1.44512876096992,103.791320313037
650318,1.36094593781145,103.747282390377
760446,1.42303228780099,103.845159830926
520939,1.34811106445663,103.941241973001
730331,1.42945179692175,103.778711277354
670642,1.38712667134352,103.761960181682
520428,1.35908616639236,103.948910995142
760411,1.42574178895795,103.847404279075
530127,1.35291722123534,103.88567990649
510626,1.37979337391082,103.940918760863
387621,1.32664424544839,103.882227964852
750330,1.44680507021155,103.817811633323
320085,1.32278920327274,103.856444472629
760366,1.428839245144,103.845809916163
730742,1.44392097347428,103.796032969959
733688,1.44340949146713,103.807302641497
730604,1.43713528912593,103.796372151079
573954,1.36021887454088,103.833744272427
679331,1.36778358876186,103.768107426457
650247,1.34992721242157,103.75698028632
730551,1.43314890940422,103.795209597611
677899,1.38033681049385,103.760167883439
828717,1.40185430270244,103.910410112245
730406,1.42940389186403,103.772728153211
310055,1.33735976862599,103.85119779562
520135,1.34804494051864,103.95704606213
550140,1.36843456862046,103.875006492339
670654,1.38784692769514,103.764249296909
530950,1.37559305335225,103.878761073257
510637,1.37678317368692,103.940314265436
556770,1.35723852079577,103.867837248452
737854,1.43502365592364,103.804760536879
440018,1.30320859297139,103.914300755195
310248,1.33136716741014,103.855879359987
618616,1.33584294018235,103.72174825729
560209,1.36897079641509,103.843284524871
380128,1.31830919498771,103.887754005604
530677,1.37118463235158,103.884254617112
560331,1.36211140145298,103.85076647513
641671,1.34404660790141,103.702361146078
560329,1.36659908629034,103.846874419073
640518,1.34508681384068,103.717978485296
399974,1.30906508068945,103.880071463172
120428,1.31251199063401,103.763268836507
760675,1.42006293748965,103.843561434577
760270,1.43742134407842,103.839982454823
690219,1.35933745468117,103.730946465569
520855,1.35358250009189,103.935299480466
320116,1.32769993704525,103.861236369481
320014,1.32372959300757,103.862088429598
670217,1.37490882252027,103.773547827473
150052,1.28848713394647,103.813351513103
460001,1.32085208990817,103.933721096337
310530,1.33216810552095,103.847086433041
428102,1.31233160592592,103.90341800573
308433,1.32100978515427,103.845757369413
520374,1.35642450429126,103.958609343071
238308,1.29457187247184,103.842052025989
534625,1.35442698124885,103.878038099762
437839,1.30326689362626,103.899493551467
730032,1.44337609766218,103.772918129019
618593,1.32695779286094,103.724749318075
822682,1.40341173051587,103.915952020104
671632,1.38541445977563,103.758030964055
610140,1.32689978062811,103.723710474794
680253,1.37677749544409,103.744548948082
609930,1.33009667044351,103.747155986864
734782,1.44817395186338,103.803035444573
689467,1.37682889281509,103.745054154263
768008,1.43488799613013,103.844613461165
416923,1.32147757536992,103.909863907893
506790,1.36055113726836,103.970093337273
679675,1.373464884214,103.76750950535
228481,1.30178268606854,103.847150912242
829646,1.41558208965406,103.905606117397
738964,1.44627225348279,103.783228720741
168582,1.27755741093981,103.835503653213
298136,1.3337060526547,103.839543204628
129798,1.30139111071693,103.768997541346
599489,1.3318755860409,103.77593499882
138675,1.30509598194318,103.790965015429
229835,1.30737958412843,103.847078807577
768024,1.42355699300713,103.837376800572
544964,1.39546569583188,103.885777120638
640862,1.3501424810666,103.696684591473
520154,1.34480692268474,103.956996641655
579882,1.34890370447644,103.844685989706
238859,1.30372322368856,103.83524031199
339631,1.32415432350683,103.869693087082
540195,1.39282417800809,103.902400185088
521870,1.35608700205895,103.931752248401
299814,1.33000348667635,103.816467275963
797637,1.39638961318515,103.875132778517
519419,1.37091699784346,103.955849482219
159640,1.28840746132931,103.811381546497
485996,1.34282850010816,103.964089954879
437735,1.30117602429767,103.886194260442
787149,1.38125618891576,103.832416994678
310247,1.33106276500964,103.855267007861
460126,1.32816830907267,103.938917895269
574244,1.34321522708402,103.837853134704
562260,1.36886409962902,103.83395420063
109840,1.28320617401889,103.806811993607
757089,1.44454639661409,103.813838479838
288453,1.32672697822028,103.810688683497
529483,1.35277426668875,103.942491700943
342119,1.3366285763793,103.874162003453
680682,1.40251053782999,103.745291162637
821659,1.40057277879052,103.919657048683
643698,1.34028016730054,103.707599009323
530706,1.36596036769891,103.888646476566
797536,1.39510598236661,103.878696725444
640756,1.34932674801464,103.700721849687
560301,1.36742111677854,103.845903592172
820119,1.39545322523501,103.906514521147
390052,1.31067221805457,103.88503171279
644197,1.34360788485586,103.713869400316
439289,1.29851423342286,103.894821372712
640635,1.34279328774637,103.698397020217
427392,1.31418367498526,103.898814386908
307965,1.31675907634497,103.841125998933
509026,1.37828503562972,103.957794619352
410656,1.33370603793401,103.907540974425
735785,1.44679259535344,103.80548353376
417940,1.33292201394538,103.904289536745
600208,1.33843639629876,103.742666857372
287421,1.32772453281714,103.806971575934
644276,1.35344766528144,103.704411153076
101078,1.27338251992557,103.808934807512
330039,1.32075606190463,103.866219436718
670183,1.37996382610558,103.763048293444
589239,1.34485427319631,103.775495545272
569163,1.38132578567055,103.841450468671
758352,1.41694199331709,103.815972865504
750511,1.45384518789713,103.819543348113
688892,1.38115529117059,103.751903879838
569059,1.38935499010626,103.849277160011
768960,1.42745159462566,103.848378442893
535736,1.37120180912797,103.898290783389
159971,1.28728320930592,103.805283367958
277375,1.31801879040484,103.787005962926
428766,1.30438467017372,103.903338648502
219568,1.31167204768648,103.852599796567
469662,1.32671219591036,103.932029527683
529176,1.35711606790292,103.949144797277
732781,1.44931766463684,103.802205259574
829913,1.41477353491381,103.910614292409
560415,1.36445335577543,103.853655233672
248279,1.29629183814515,103.830630273709
737856,1.43794513382729,103.806906917047
466781,1.3156656914669,103.938533936268
278685,1.33216946765984,103.790714522481
109590,1.28188713080526,103.814161011226
439476,1.29979211214306,103.890672255582
368242,1.33375187570527,103.887745947807
538719,1.3792452907016,103.887832017102
530205,1.35954177325561,103.885167372726
269782,1.32839865213651,103.80226974143
287771,1.33120392562192,103.798236529621
821226,1.40272812898156,103.893101300132
650443,1.3561417439145,103.737291779061
828683,1.39907680328284,103.914638895174
309936,1.3191576598967,103.83451603479
760703,1.42958489778701,103.828851112708
439659,1.30236020335452,103.896445900986
758419,1.43835910195662,103.825923529576
824173,1.39600799204919,103.910764686722
520131,1.34550516573522,103.953954318345
370017,1.32982009942647,103.888575094609
521882,1.35204684938015,103.933462049385
659163,1.34919098857585,103.740719208011
219248,1.31255000121962,103.847420540474
544122,1.38709611224694,103.905723021788
650373,1.35892457118178,103.750397174291
640239,1.34152624240492,103.710957140208
550540,1.37461947423154,103.872572632633
806014,1.39023364926683,103.860061544531
298135,1.33348689659048,103.839103131527
829911,1.41451800980815,103.908542601335
400306,1.32987117232209,103.901930369733
689762,1.38143123987698,103.747153671
530926,1.37607145439608,103.88092440132
217646,1.31649300843498,103.856941466502
610350,1.33867162416714,103.719136998076
329857,1.32716874474253,103.845518560598
543188,1.39522161732713,103.904808627805
730851,1.44012390914552,103.792357934514
550553,1.37171071388476,103.871233716329
640721,1.34399335727786,103.697595848966
120801,1.29971617660023,103.763834786591
520305,1.35241346727103,103.955871285534
680309,1.38525196962708,103.745864156514
359110,1.34607582573979,103.868832012212
667970,1.3619672534168,103.764266382093
350113,1.33605593871885,103.863599507828
309198,1.32013076462027,103.840793907045
758407,1.43703056397987,103.825927427623
369673,1.33435446385719,103.88821571827
470108,1.33023193004172,103.909386972458
809442,1.38834135596893,103.865685120431
600135,1.333825407445,103.739676885744
528882,1.34471107296847,103.941701190966
238366,1.29610970657652,103.838506457383
275748,1.31104916811064,103.794145546471
239918,1.29208678032575,103.842729086168
339945,1.31958416875401,103.865942986886
738375,1.42868073210146,103.778568643377
408942,1.32426750488504,103.892768606719
520372,1.35644214539058,103.958095637942
307903,1.32117914251693,103.842384047071
169634,1.28751197109177,103.836410580532
138565,1.29379198840514,103.793103084317
248668,1.30058938216306,103.824478745234
737713,1.43475811538242,103.785365472646
122209,1.32307183298737,103.763858722838
310259,1.33389588710225,103.857558824931
573960,1.35896872448258,103.833968719539
560161,1.37416445374568,103.839549130658
329022,1.32505522536131,103.865178186819
419260,1.32296627847381,103.905836864653
609434,1.33114235850558,103.742036114336
127371,1.30362457527941,103.765858386923
824201,1.39953661476964,103.903245841272
730501,1.43292523586445,103.792006999106
757046,1.44252598174629,103.817216047195
429063,1.30956754269648,103.913675445774
259810,1.31705949266275,103.833893295457
649151,1.34938102403954,103.698930157409
470606,1.33122227931301,103.913799873642
760201,1.43064865606425,103.837996781156
542278,1.38235083780012,103.890641438035
821678,1.40566213236302,103.908718985826
793472,1.39631551842338,103.881167324822
760504,1.41840746777827,103.844547664772
539784,1.34362014075942,103.879739130274
824637,1.3990576199104,103.915464678932
416672,1.31918790014122,103.908056040946
824174,1.39749399878583,103.90998737562
448910,1.30738625411181,103.925259993481
456929,1.31680131547259,103.918409414644
389801,1.31389822204339,103.882239402789
523662,1.36970874109309,103.933943576505
689189,1.39356050497104,103.747362720939
437738,1.3003404019115,103.886683843208
529974,1.34342096678266,103.957275078701
828674,1.41158455562454,103.89890448429
119759,1.28004608887578,103.788964885893
410116,1.32278533891234,103.911863020755
730875,1.44253261259412,103.789611665242
561310,1.36481255187585,103.843844243986
357844,1.34266884714226,103.867826898639
640922,1.33908791999316,103.689229114582
529651,1.35528065111508,103.93993380532
569844,1.37052179748946,103.845904790885
349844,1.33440987086173,103.875537392876
189655,1.29987414708767,103.851465787683
437157,1.31474238838871,103.8945518516
680010,1.38047054647235,103.755211077169
520320,1.3507018176439,103.957051867879
399006,1.31037918716352,103.878782309109
470134,1.33287858460019,103.912838489269
764333,1.43214010666274,103.846141273427
657993,1.35582936982069,103.741594327509
532992,1.3838267304931,103.881672473881
510129,1.36651869673449,103.955623402655
650338,1.36353416925063,103.750672676432
278803,1.31692786307151,103.78322115175
520433,1.3590622441865,103.951083181129
138632,1.29943736719293,103.787576666868
751504,1.45129656287889,103.824120156543
529284,1.35436981591879,103.959906449844
359756,1.34909587554901,103.86556214377
419730,1.31689484080716,103.902801672539
538840,1.36475124381247,103.892727994573
417943,1.33668906305605,103.910663762094
757715,1.4457453096024,103.821152676215
640694,1.34302581073029,103.706879612056
680608,1.39846759584272,103.744645761889
756973,1.44886944289896,103.822696537456
648200,1.33641298743234,103.69970173931
828671,1.41842322079348,103.905147201163
679002,1.37942873617052,103.76970317201
760936,1.423817051136,103.835571212761
320140,1.31718193292347,103.858252810941
690307,1.36112643481853,103.73679704994
518645,1.38044509461748,103.944359245034
486025,1.33335127300203,103.965668919086
138623,1.30160387201158,103.793236804083
179097,1.29109531029255,103.849924781238
138664,1.30372831524605,103.789789720955
692126,1.35895878155421,103.735644938947
310006,1.33858279721249,103.85719237771
659591,1.34406317921979,103.749244096993
520265,1.35245349194636,103.950238896388
562700,1.36941049804616,103.846059822142
319637,1.34029764126766,103.847467390195
550103,1.37067353047523,103.870263924296
328827,1.32533672784378,103.853993102406
518239,1.37099780377049,103.964110392533
730375,1.43198368054543,103.78231151896
530632,1.37056742335694,103.880591938862
139790,1.30663897387578,103.782412866712
680445,1.38170883113996,103.736662612875
370100,1.32696609771649,103.889637804311
309763,1.31763329946712,103.839896397053
160125,1.28363467842249,103.828128059322
758459,1.44175296834191,103.82479165671
513530,1.37162618190542,103.950113871559
659586,1.3439822661321,103.751253511706
120463,1.31096580515636,103.767863406037
258297,1.31877986104347,103.826840505348
689457,1.37723261157993,103.746730429408
120453,1.31192106821964,103.766016890178
797391,1.39843523283245,103.875125002531
449408,1.30188733858697,103.905996039776
644274,1.35219891849799,103.704379929183
307995,1.31392372142004,103.840936572127
570309,1.35091296258284,103.837585157698
570257,1.35971687351446,103.84310310527
530970,1.37879979496564,103.880363800119
650535,1.35497075521286,103.750399548957
659919,1.35166029562859,103.756001926056
288712,1.33238992286012,103.801672365763
397999,1.30802740089989,103.880481031966
348469,1.32865622154442,103.870310687487
530806,1.37107840264494,103.894100080287
348537,1.33073694010987,103.874352259564
397693,1.30230108405227,103.876473975883
530695,1.37633401164513,103.887398856113
249537,1.30439518808402,103.812252696384
239128,1.29778849920286,103.83916468554
268669,1.32840622934332,103.796562615456
637034,1.35294937020326,103.689223508671
737628,1.42468138298223,103.794743820819
680475,1.37805614752086,103.738931794069
730548,1.43044361849124,103.793804884379
548651,1.39167651775815,103.900382210559
548675,1.39337424296146,103.900408489254
536290,1.34580622499118,103.875741690705
648965,1.33821088716936,103.69386868465
440066,1.30391193028103,103.909740471499
461024,1.32386400383727,103.933398625079
560172,1.37469422261984,103.836462871445
530452,1.37878814570674,103.896368955749
680019,1.37939429441995,103.752949446949
650293,1.34600531908149,103.755359110634
650206,1.34667192110032,103.749383475192
120611,1.30369740104798,103.769476904205
600048,1.32049772893293,103.739967666096
760879,1.41450211129727,103.835974001874
762115,1.43344153477202,103.827060237241
569880,1.37792345221534,103.875389838376
659003,1.36616711565267,103.746951747398
669173,1.35374311115721,103.759363426502
538473,1.37667371760412,103.901954069082
520411,1.3591201098526,103.946269422122
537416,1.35679994778113,103.88624829726
120333,1.3151622811043,103.76748797506
597925,1.34249558049883,103.77389764448
540353,1.39315967650223,103.88565992411
330004,1.31599705667165,103.859810749789
320080,1.32379607125113,103.855670620709
822422,1.4198034954577,103.905195322462
820413,1.41641181359186,103.899858484155
760513,1.41600486949205,103.844251717032
640403,1.35383921247336,103.721479705196
750406,1.45290995380283,103.816972975834
522606,1.36230165817252,103.937401758053
648331,1.33931504032005,103.705350996191
369400,1.32918888939148,103.883635682049
822435,1.41872191528327,103.910462015369
768443,1.44124434372684,103.825619949965
730424,1.42729302492584,103.774859396818
820420,1.41898752974431,103.903018605892
544576,1.38856301181347,103.909300333582
118141,1.28013029232542,103.78625956187
574469,1.37551513393684,103.832478495578
390092,1.30981654427805,103.888843288251
159049,1.28955908951314,103.814664108896
529915,1.34501867833145,103.95522980359
120509,1.31115776641946,103.761017540932
651296,1.34409358218354,103.746409176377
822409,1.41758014529069,103.902672012959
340101,1.33623671562033,103.871287596113
437259,1.30498489044822,103.899999965407
600251,1.34316585363812,103.739676494398
600264,1.34374104685927,103.741478764585
600108,1.33828303068105,103.737102099236
270015,1.30914384420468,103.788419923521
270024,1.30896882726148,103.785517569273
521890,1.34672448664678,103.933876119392
520140,1.34755779818379,103.943814796185
521151,1.35140047388047,103.943793356408
520942,1.34977339661508,103.940622244099
142059,1.29318965357037,103.811252591644
520858,1.3542933216388,103.937594965945
521867,1.35570643617712,103.933753485939
521868,1.35544681770999,103.932544278099
520878,1.35221187065647,103.931382253216
520725,1.35698450686671,103.935334502197
529540,1.35270160272274,103.942903567808
550226,1.35682205241845,103.870855820949
150003,1.28713356011406,103.807000524353
142030,1.29844263703974,103.804187173847
510650,1.37872763434432,103.938075328762
790401,1.3901021265985,103.870984520752
530999,1.38456386449101,103.879946263431
533987,1.37932814617762,103.877789199364
530125,1.35240984227777,103.886491570367
824105,1.39717530594813,103.905229595049
760737,1.42897509455019,103.832444558449
760671,1.4191911631409,103.841581271297
760646,1.42211202762471,103.837491394098
760723,1.4259620249781,103.829779474265
690244,1.36124936782177,103.728967966545
520473,1.35934963172793,103.953269398068
533470,1.37846690134357,103.900804189301
530508,1.37169361288918,103.887728568475
533475,1.3752181870956,103.899995256616
460519,1.33087614142097,103.928059854349
600308,1.3472950403719,103.734573253838
640465,1.35012595711313,103.723209579571
640490,1.34958659802717,103.727240365566
640515,1.3463037462855,103.720626370021
640750,1.34793710953534,103.699191895958
792469,1.39585256390138,103.877684905205
790443,1.39172886962901,103.874073895273
794436,1.3921787440658,103.876627568951
530328,1.36874824600499,103.896534515412
460184,1.32609462565376,103.941385900786
460108,1.3327400821369,103.936223521869
121462,1.31156052663147,103.765726537609
120445,1.31335932628171,103.763902569669
120330,1.31374471195404,103.767781828711
121420,1.30979102116855,103.768657661297
540351,1.39332786581517,103.886617625113
541303,1.38707885236737,103.890776484596
541330,1.39662723290185,103.889865436797
542292,1.39539857873123,103.898745037787
541206,1.38648068232058,103.896739891401
542298,1.39552167463018,103.902214028744
541290,1.3960787618403,103.896727615807
541262,1.39554139723917,103.894940558522
550141,1.36859420920975,103.874523249204
821271,1.40374539652235,103.900318867807
822308,1.40773087091359,103.89953843806
820222,1.40111268213054,103.894269098915
790402,1.38830347916489,103.871173506409
791416,1.3906119627657,103.879963560438
821410,1.41772205765632,103.905786514808
820402,1.41449614738584,103.900347229259
820326,1.4131435246967,103.899526903601
542277,1.38233665684196,103.894510812295
540270,1.38613601369504,103.894214399164
540143,1.39006592833714,103.905723427087
540103,1.38291146712108,103.901208583313
540194,1.39260955810937,103.901592560709
822676,1.40481059599871,103.91027810068
821303,1.40377789364189,103.905762206365
790455,1.39183688254074,103.871190376558
469627,1.33335800926146,103.926857202735
680810,1.3740546176425,103.746160942106
541123,1.38604163686578,103.902900571161
541201,1.38900121148939,103.892763307705
238879,1.30766860940267,103.828164396352
388375,1.31522654293735,103.881447061138
824107,1.39623803491797,103.908007315128
588184,1.34541246564971,103.773009347936
289758,1.3451778853047,103.790537164879
822655,1.39879006887636,103.921078295938
821665,1.40212769104002,103.913578463409
529536,1.35425637962115,103.945071748027
683688,1.40318701316163,103.750993347138
544618,1.39837686069905,103.887278025209
821314,1.40826187839775,103.898017940475
760512,1.41481827393275,103.841250663012
311401,1.33992471478482,103.843564620059
760482,1.43172898326772,103.849212545971
370093,1.32273476922747,103.888103196257
164018,1.2856723198467,103.826784264546
560218,1.36511907555698,103.841742483384
597071,1.32325040079253,103.767260053747
128583,1.30642089064512,103.767001510641
367803,1.33869419209869,103.871750105256
610399,1.3346654460572,103.720685511067
520355,1.35505059132687,103.961599957131
520219,1.35479243854559,103.952612725374
640641,1.34066811398303,103.696356784294
578527,1.35227971713243,103.845904955322
824128,1.39296771529535,103.911961961755
461038,1.32592163909513,103.925809528547
321113,1.32100686964356,103.85982430866
459210,1.30969700541286,103.923548337352
210010,1.31388788181031,103.852226892124
560124,1.37089179310251,103.844768276408
521136,1.34467549403486,103.945169502785
279050,1.31367483143637,103.783180618711
828802,1.39889261226315,103.918585924582
289892,1.32697615597669,103.813313304206
259887,1.31514455842814,103.834011490726
117684,1.28850160934465,103.779543359342
751507,1.4527308013707,103.823966895951
428918,1.30760256463236,103.907078176022
609606,1.33346311444808,103.745566861424
149604,1.30258842546827,103.797301915704
570140,1.34479967079912,103.85310654157
149454,1.29483448470578,103.80756527615
510738,1.37915489273996,103.936519186278
521159,1.35104130847402,103.946051539375
541116,1.38246038039285,103.902238681998
311261,1.33372621378708,103.855718395843
143053,1.29333561156669,103.807613949557
683807,1.37615600248366,103.745821319559
730585,1.42941559914897,103.795399901185
510735,1.37966812044177,103.936574613663
730620,1.43342596098074,103.798861660947
520727,1.3563134994008,103.935483915221
573969,1.35857900095019,103.833601031742
508668,1.36159623268582,103.968859193015
148960,1.29205481713546,103.805546433928
127375,1.30868993492101,103.761418009387
139940,1.2956904235634,103.787502527201
541122,1.38661451456829,103.906024040147
382115,1.31147846434971,103.872687694828
650225,1.34848615466343,103.752597900148
530606,1.37067705851962,103.885941076262
730171,1.43397497861501,103.776526806695
670510,1.38758897243469,103.768982944262
359338,1.33009448066717,103.866554182579
347592,1.33233230277021,103.87417371266
350105,1.33442373227683,103.868696835165
159919,1.29102791800182,103.825340807968
459509,1.32270446967402,103.925267680417
760662,1.42053932360735,103.840690129891
560610,1.37939470957037,103.839157231326
760925,1.42750548860509,103.837125285899
519599,1.3766980678365,103.95514122442
544709,1.39019431975813,103.897033070016
680120,1.37884184875046,103.750340641074
510625,1.37860239032585,103.941978177673
652451,1.35248381356888,103.743414725495
609921,1.32880462855507,103.745882872825
437130,1.3030726351388,103.897062950246
118257,1.28902935949271,103.790527931409
367984,1.33356251802176,103.88638828999
788887,1.38550907050444,103.83456993327
129040,1.32167882263481,103.757399120948
596152,1.34404337282104,103.769543941347
680110,1.37821371288758,103.751983012288
769922,1.43724977049712,103.827428860254
359826,1.34255471804221,103.862271391697
530993,1.38511499043052,103.88362378135
650626,1.35171974901975,103.749022783849
610161,1.3295800528928,103.721493922129
557783,1.35757878929137,103.86989239785
309458,1.3153020324567,103.845605899704
668693,1.35833342079656,103.759452285032
367904,1.33379360603858,103.88216761942
120207,1.32238038257706,103.762372790269
550301,1.35309223909032,103.867917814702
560229,1.36907465738659,103.838220693814
239704,1.29942800917592,103.83162962683
760423,1.42284296540435,103.848313795012
339213,1.31461770584528,103.865922056564
750491,1.45611278902566,103.817716592062
550504,1.37387843222693,103.876307853422
524972,1.34147220520781,103.938761988677
525858,1.35445354491042,103.940862799115
730024,1.44150532367192,103.772131618917
640739,1.34594298573858,103.700120116691
521524,1.35835090076118,103.938908850193
760476,1.42812110376815,103.853081310727
757088,1.44408021283692,103.813888859199
739069,1.42749278954365,103.792240767626
509397,1.37746857655612,103.958408733539
259101,1.31413877201261,103.824251708848
468182,1.32260373254391,103.946552107131
753468,1.45030915760096,103.814877754821
521106,1.34753918631699,103.94767543125
753503,1.4505380366564,103.82294129946
750487,1.45545241379364,103.816118262593
760107,1.4322180811837,103.827520197458
670631,1.38647806662619,103.760256469034
560102,1.37065009249377,103.839410348811
730715,1.44198957569918,103.799393670745
738405,1.42850409120621,103.776280731648
757022,1.44195844780367,103.81789398539
529653,1.3523360160745,103.941943293971
548542,1.36596356117392,103.884987054392
122312,1.3196729696325,103.764455532029
822101,1.39784715104396,103.906436071245
752115,1.44631122878781,103.829416902418
388384,1.31596030967384,103.881457337554
670439,1.38304567931228,103.770465303497
510561,1.36701303042853,103.950865061907
510229,1.37268853524266,103.961778642664
271011,1.30905394546184,103.794063120888
560442,1.36565326940253,103.855232195496
520432,1.35887571395227,103.950535549557
730755,1.44529965098561,103.793269747402
650116,1.34962866452512,103.746381073293
730023,1.44153975794109,103.773299891196
682803,1.37381927100149,103.743367182453
750105,1.44885564679911,103.832409172149
650463,1.35683551267825,103.741447348978
640717,1.34306008735923,103.697532979515
750309,1.44675733997767,103.821562408022
734780,1.44811995933796,103.801945845172
760934,1.42576336562507,103.83653912369
794430,1.3948267807044,103.878003319945
823622,1.4006620149821,103.910914385755
436959,1.31292852330675,103.893695089109
821663,1.40024347553794,103.917080046799
520871,1.35440347555796,103.932702293995
540339,1.39679315311901,103.888437344772
678295,1.37645075555464,103.770558802654
680602,1.39724418317226,103.744501292642
760612,1.42036475237606,103.835413304775
761796,1.41935683056407,103.833073416324
330049,1.32448737406528,103.866368168069
823195,1.40109207064583,103.906831163698
650531,1.35628923150764,103.750409726092
510575,1.37318924489331,103.946360527843
524492,1.36392332726041,103.955722885854
600055,1.32189197261167,103.737551593405
730848,1.44178218752461,103.791758131626
310236,1.34027351637589,103.852085014347
310219,1.3427643319014,103.855872559307
311014,1.3362682080095,103.858315233952
310192,1.33166814812852,103.850487239503
768019,1.42875460572994,103.836324536111
650460,1.35395376726395,103.739717096448
520341,1.35126488523463,103.960941157436
520803,1.34519808450169,103.937688607467
522487,1.36075820406707,103.957884242384
100063,1.27483128151468,103.810941362052
550306,1.354170253505,103.866885717087
550219,1.35835882176541,103.872182045295
141082,1.2945249886415,103.808755910259
540101,1.38276428893595,103.899272035914
670487,1.38917306201936,103.771106197699
750331,1.44752926111601,103.816660875725
540153,1.39134013970454,103.906579847889
350134,1.33447489186627,103.866286539376
510197,1.36640299690077,103.960738659652
510568,1.36874937350141,103.948912808424
510487,1.37494128665342,103.96059003892
821306,1.40609259640566,103.905395309677
730801,1.44168227966341,103.78598469604
822433,1.41680516005673,103.910100613216
342106,1.33364211083176,103.871164760412
536668,1.37067048377671,103.897529177951
823654,1.39807316138364,103.920318685516
408601,1.31945233598262,103.892134990552
149598,1.30305551306548,103.796483196648
762471,1.42623454415224,103.852433796182
750462,1.45445319201857,103.814035193265
509575,1.36100996347708,103.964948596657
821267,1.4045590871809,103.897504894239
820166,1.3949756292314,103.915467411217
520613,1.36547139149667,103.93625034316
519923,1.38060826673917,103.947732762482
320111,1.32131173607983,103.858250685214
640459,1.35032904500392,103.720911817526
641681,1.34440862686382,103.705195214449
522497,1.35825225174873,103.958367360305
520610,1.36463646143194,103.937173937407
649882,1.34834916643319,103.711381619147
570236,1.35900490923943,103.847006575058
150106,1.28942607947152,103.822276781927
820183,1.39881003085177,103.909845612504
190019,1.30370770062522,103.862344547199
680205,1.38092680230382,103.748559601544
272018,1.31105861060205,103.791886571185
821126,1.39410054093191,103.911356171377
643648,1.33896761050208,103.697949800478
460503,1.33148387479968,103.932465913287
650291,1.34366766259088,103.75605170306
530528,1.37511919152466,103.890726071611
640409,1.35409792704061,103.725324736878
542302,1.3878622433042,103.890705078823
120375,1.31849298732441,103.766701647482
560601,1.38104134784496,103.835131744823
560541,1.37392239168826,103.855621371068
544203,1.38721445178077,103.895525257108
531376,1.36346009799329,103.893576325679
540269,1.38437249020721,103.89565298749
541295,1.39827208206159,103.899276781233
530170,1.35146345874372,103.889319373277
543308,1.3892274723179,103.886844686117
540230,1.38835481994174,103.901270877485
650260,1.35091259231107,103.759021061327
430001,1.31129091152627,103.897703432652
530667,1.37378501535751,103.883849096326
600209,1.33782545955981,103.740093369024
570245,1.36033727387085,103.843963448891
680212,1.3824698614123,103.747347893013
730769,1.44729070675124,103.798950715823
570201,1.35506686196949,103.846946067332
670235,1.37819427719912,103.771248560652
330066,1.32053917107956,103.86969083666
610333,1.33952691350219,103.723286603679
560343,1.36837474759489,103.849151113749
602288,1.33893635159463,103.742880903459
533476,1.37794956982629,103.904346041308
460419,1.32696621417456,103.928135771625
540172,1.38713548237241,103.910459338779
100108,1.28084469467756,103.810292618353
821232,1.40218146470722,103.891041190731
760478,1.42939025205716,103.850709781984
239803,1.29816295364733,103.839385074773
560584,1.37071307985916,103.853497803014
310269,1.33288083752973,103.859277935499
820121,1.39368219385611,103.908299456765
643656,1.33598955071785,103.69997420624
688236,1.37527500765096,103.752407481466
763502,1.41732309701441,103.841554200042
651463,1.35633162419305,103.742194589628
753350,1.44996054030355,103.82038215131
750132,1.44340777310418,103.830807359933
640613,1.33978250520383,103.700667734162
530373,1.36268196108362,103.890391265295
460215,1.32607594879214,103.933497473796
520123,1.34530661835845,103.953187956159
732787,1.44456206997385,103.800811554206
822661,1.40248564833205,103.916751438225
540338,1.39922772538912,103.88965593061
760760,1.42579485526292,103.832724670537
163009,1.28681417822795,103.828928312802
521113,1.34647851256665,103.946176781633
590012,1.33840274340359,103.772685810097
556912,1.35465462702531,103.863861122795
161051,1.28994618456452,103.827679720482
730863,1.44039723805835,103.795020327196
556741,1.35206196118771,103.860698338514
768090,1.43678096741344,103.843618912685
680819,1.37516770596157,103.74972674844
299574,1.32368114198446,103.814605470434
750303,1.44468992379986,103.822441620312
569383,1.36711199491381,103.835333627551
358421,1.34483501926475,103.861946567857
160137,1.27814726027803,103.826958969986
642180,1.34783599908392,103.709070823104
640826,1.34604529493384,103.694423564846
541314,1.39096346792355,103.889146783177
545056,1.39222022708261,103.886426500281
560571,1.37005501296043,103.85488055876
486824,1.34169104181288,103.961982497463
760290,1.43604695009496,103.836194335705
466912,1.31635453896932,103.937810235004
519497,1.37609103244793,103.95353288824
470616,1.33182894197051,103.914992849931
600255,1.34428329076703,103.737896792191
609342,1.3212933695135,103.747648912115
530539,1.37748508098977,103.890382070653
819663,1.35640628728788,103.986211815854
544914,1.35487036831584,103.877954895052
667971,1.36286208839026,103.763433915546
279621,1.31232576631752,103.789595737544
510623,1.37790533095468,103.94233582068
158736,1.29012765494819,103.816552347869
680707,1.39038151231369,103.74711597591
510775,1.37409137626789,103.937134012769
348471,1.32792904623697,103.870299247497
533893,1.37447287448697,103.90307048623
757044,1.44309365595112,103.815893655259
424336,1.31118408612062,103.90576122478
486042,1.33824039424584,103.965227334327
423934,1.30694171401218,103.909586431822
588179,1.34316475341698,103.776031354379
669569,1.35699658994472,103.763084766465
539830,1.35474020649844,103.883092839562
237994,1.29380235105066,103.831757911057
548601,1.39041401433906,103.904425288022
557271,1.36578944462684,103.866921701207
436559,1.30205118688526,103.887513825922
277114,1.31819883161007,103.778897935785
358666,1.34722799583413,103.863161549892
248935,1.29824751033366,103.809918727139
750316,1.44634275472687,103.820816616633
640949,1.34332966235335,103.69167853351
539775,1.33631557522577,103.888825620348
469717,1.33122775902296,103.934743787561
510187,1.36478562221786,103.959292475911
758440,1.43942692235901,103.824597524191
140021,1.29327264538796,103.799914659737
797621,1.39307518516014,103.873929155036
550255,1.35506200468668,103.870871861186
759218,1.42820538174168,103.824843011384
416913,1.32064873573583,103.910032021681
671455,1.38756735660532,103.771212191778
670620,1.38585558267615,103.761737460728
670528,1.38479071750353,103.765616956874
829498,1.41926994721627,103.909059797797
556839,1.36470757424363,103.870053772955
519282,1.38234533373115,103.942370233292
608512,1.33663996485581,103.744771669516
680484,1.37647655750003,103.737135255628
469751,1.32698962835046,103.926353894001
649848,1.33500720790366,103.706278743989
610153,1.32748326048826,103.721043759531
680789,1.39587445047224,103.749162518106
618744,1.33648470496686,103.72212051084
542293,1.39699193578499,103.895995258683
542325,1.39290849064575,103.890675455376
640511,1.34779267211314,103.71959110524
821209,1.39973067460365,103.900732056743
269460,1.32111549760195,103.806468066323
671546,1.38852628729508,103.77035294286
168730,1.28629937187776,103.828093503404
609607,1.33590457626914,103.744636416564
530434,1.37647221404827,103.893822113477
340113,1.33525150016811,103.872943178739
560320,1.36559244608528,103.848386744168
680634,1.39660911377874,103.749729373216
730573,1.43109807246887,103.798507621177
247960,1.29440856065167,103.816393046845
530565,1.38051822975687,103.887953240185
570510,1.34888843900173,103.849691980373
598754,1.3398938388841,103.766610017795
208539,1.31142103107683,103.856624019991
544692,1.38381228170133,103.892318220824
520741,1.36001177722698,103.933043781914
118599,1.28028609112083,103.784692790573
440087,1.30245317807699,103.905639343596
805960,1.38716527231164,103.870391677462
408564,1.32627524038921,103.896130679533
809045,1.3834407291726,103.875489703255
590005,1.33820236785945,103.774522626293
680427,1.38088418626698,103.73976352968
540131,1.38934561242683,103.903078597484
521957,1.34121934641868,103.936025986857
128020,1.31641321892509,103.757451263299
680757,1.39284801770148,103.74591415814
680703,1.39131766606985,103.745930765105
761430,1.42141170441529,103.848563744666
731183,1.43541550566116,103.777407059508
640642,1.34036989064657,103.695839832303
519108,1.38368698889419,103.943440840415
529757,1.3452917235724,103.934225254191
159964,1.28548113039313,103.800180925466
769162,1.4110553473838,103.844186136559
390087,1.30920453703351,103.886918300106
126756,1.31968768006034,103.752699363733
439291,1.29970048930189,103.893880704979
730888,1.43712301500434,103.795314383823
426165,1.31650359348119,103.906017775094
519132,1.38116170541846,103.947818522707
520114,1.34384910516645,103.950437525657
330005,1.31629995826281,103.860397463054
437764,1.30002940560597,103.892456455621
680433,1.38489827735796,103.741651454193
387311,1.3156444591336,103.8724342131
588177,1.34241264188642,103.776539385406
339940,1.31626605933927,103.862529469668
548008,1.3619760292092,103.884992801669
138628,1.29801992240256,103.790067059149
529541,1.35316637447594,103.942688326666
520896,1.34830327768801,103.932451731332
259760,1.32257316934913,103.814245542255
589472,1.33660379178017,103.783876655078
419037,1.32364735127519,103.918996766787
278886,1.31396624076253,103.779997537591
408868,1.33292970284989,103.894107723466
554910,1.37446629705356,103.869082561303
730316,1.43150897103474,103.776361760175
806011,1.39004530088896,103.860607344073
159563,1.28536326844195,103.819699003494
650180,1.34555899395756,103.742841777336
680161,1.38012990422531,103.758203987241
510553,1.36797543702573,103.952769232866
640262,1.34480139690531,103.707299106579
538728,1.35598784097376,103.891400623421
731764,1.44561064808723,103.796780614168
349318,1.32880372021876,103.879249516011
650432,1.36053358595047,103.742364555897
609603,1.33921643707099,103.741421891919
648135,1.34190096421275,103.700263646805
322106,1.32102001237887,103.860997837489
159460,1.28348433174779,103.818267800134
569139,1.38654032722797,103.844716408408
520460,1.35829910503052,103.955006343783
123311,1.32010579446331,103.765573473984
529509,1.35236829566862,103.943812302253
533986,1.38256880201065,103.880452545534
692236,1.36085163912016,103.732448347154
570171,1.34678777068608,103.853709975879
400017,1.32337014878712,103.904403708711
689379,1.37929847482766,103.75918110327
757622,1.45732867302094,103.814075611175
457184,1.31555148569585,103.927818272537
650165,1.34731985631578,103.741974986591
520165,1.34553016120065,103.959248804134
456903,1.31676040440232,103.927664517091
822423,1.41903834551696,103.906324283634
574747,1.37924446327412,103.831507246714
760388,1.42916343658276,103.8470114507
128531,1.30524450818584,103.765033695544
760716,1.42621096565013,103.827704108295
648131,1.34594578766091,103.724619105198
577177,1.34884336335242,103.840907482125
609966,1.32852674067117,103.752854514418
750480,1.45220212566522,103.815168664829
536698,1.35058735997609,103.880451226042
540252,1.39368190554213,103.900770045348
575624,1.35634654983022,103.83749800568
259226,1.31973695760893,103.811846479607
760173,1.43706628176725,103.831120689838
520205,1.35171755145102,103.951966044566
761701,1.42994185594478,103.827984686017
757438,1.4621340116163,103.815790890489
824168,1.39374676309818,103.914001608784
520443,1.35885506890602,103.951898883289
520483,1.36143339782532,103.952685917828
530535,1.37644174333807,103.89013377594
310045,1.33586537201904,103.853751144736
310232,1.3375718690811,103.858843935428
159053,1.28668027244831,103.813766344012
520262,1.35375663916488,103.950970401367
520385,1.35496004266325,103.958520955298
520358,1.35447447231424,103.961004154469
640627,1.34196774029869,103.698889712493
640207,1.34658609595354,103.713568363065
752501,1.45218571400211,103.82136988326
560109,1.37009653758337,103.837687775294
809741,1.39082104130184,103.85170557193
228218,1.30788492696723,103.83273062786
229492,1.31039881365697,103.839964342214
310157,1.3322421486487,103.845643059432
310205,1.34220948332494,103.847727620222
311146,1.33435697144389,103.845404214537
546674,1.39219045581486,103.901542475504
544260,1.39443376269882,103.895863980712
541275,1.38287416215524,103.894603741377
541205,1.38603998418639,103.896966680116
790439,1.39219166111486,103.877586602122
425080,1.309847162129,103.907760964095
537822,1.37126024725601,103.897421430636
680353,1.38213706651981,103.743397515205
528906,1.34787074766746,103.939221709073
680620,1.3998050633755,103.747145323815
470629,1.33439908281466,103.914501162624
307966,1.31719739808808,103.841034923233
128524,1.30507842140029,103.764535885004
730364,1.4340788333574,103.786743446042
462152,1.31817123395165,103.947304749013
259708,1.31643963008359,103.835487584433
573953,1.36015261805469,103.833717500257
548674,1.3934582955135,103.900515289299
733886,1.43773146039956,103.794135764157
247974,1.29792399607132,103.814556914209
510258,1.36707357525622,103.964632225014
521866,1.35536454193962,103.934477898052
488362,1.34694405124812,103.962443253134
470718,1.3366305993765,103.92574851611
750373,1.44195724167154,103.822220902967
820681,1.40259581502678,103.912962428692
408528,1.31652817716769,103.896555021986
691322,1.36220155032368,103.734278027239
693119,1.35742037653983,103.735198782731
828803,1.40717643218,103.904437061575
522640,1.36555636016994,103.944574941249
730187,1.43749124516896,103.774903046769
677725,1.38676223534087,103.772523384527
310267,1.33169355658924,103.859028415515
760383,1.43111395058926,103.847592281951
760464,1.42679893325725,103.850691186446
730676,1.43977701476241,103.800573459822
550264,1.35246731376429,103.87210276228
608532,1.33402529481694,103.742586014944
762509,1.41379975962339,103.840131905186
522627,1.36360932691527,103.939942353867
540164,1.38930506623143,103.907598607934
828603,1.40786099170518,103.909505058042
828761,1.40640964880099,103.902130352627
513524,1.37054529360258,103.947594575271
823312,1.41090728064356,103.901186089898
449269,1.301041960873,103.905505005847
824322,1.41003628713147,103.896380211581
523878,1.35126411286423,103.929363834798
425611,1.31254612174326,103.907430585157
466484,1.31411268770121,103.939491392638
671443,1.38146636369732,103.769766736479
528833,1.34270592355576,103.953024618234
160054,1.28743429136508,103.84123302078
750109,1.4486176779133,103.829730630675
609961,1.33102122066659,103.748331228993
750120,1.44565250579578,103.831432705545
371076,1.32488263755484,103.889392651265
760849,1.4169831658118,103.835218177871
684490,1.37602869228672,103.741368197927
681684,1.40400608389802,103.746767050296
683817,1.37756652387037,103.748989532974
460187,1.33083543731954,103.940641339343
558758,1.35864950039666,103.863529965871
360227,1.34024749735901,103.876330655485
550417,1.34993639119978,103.875055740578
650438,1.35809190553563,103.739958236948
542332,1.39510794817993,103.891456224107
760142,1.43076164851345,103.830480899054
828654,1.4101948880134,103.906072212279
350143,1.33290761070926,103.866168849371
550407,1.34718613034606,103.872968182223
127309,1.293261716615,103.766675957127
360014,1.33607364601336,103.879853824125
649368,1.35135367788105,103.71639179411
760235,1.43422889283755,103.838543994351
423731,1.30647664363682,103.905368186563
319641,1.33401926631981,103.846468752144
573968,1.35808083343463,103.833402419618
466601,1.31975535533034,103.953844646678
160130,1.28041255232016,103.829271242873
528539,1.35324276344947,103.928821304519
460520,1.33046461779259,103.92813426172
691231,1.35951857354759,103.732035881114
730678,1.43998366608733,103.801293104268
459067,1.31218244678912,103.922652578762
169075,1.28888605616528,103.834206802698
786015,1.40393859107231,103.818849957935
690318,1.36319760161115,103.738804928362
429064,1.30968489016823,103.914101528818
805946,1.39049673555442,103.854010727913
370054,1.32385644988852,103.887585351528
680225,1.38109065348717,103.744889593727
750365,1.44436832551494,103.816263881257
380021,1.31426500436391,103.873868757171
200633,1.30570669675965,103.854943251549
643663,1.33804531435801,103.702429711458
309063,1.31563175498381,103.838006653091
630991,1.33570859607444,103.692384325863
733894,1.43563851706882,103.789623895573
550246,1.35192270531399,103.869660835834
460431,1.32922126388158,103.932502461445
730339,1.43100437420797,103.781602329579
680295,1.37816643554536,103.740967966102
640455,1.35106549757433,103.718527806379
570231,1.35729122280137,103.845845691915
560533,1.3741692336847,103.853001924476
142043,1.29871092283081,103.798579967767
610150,1.32724211434074,103.722352699939
380052,1.31666544739611,103.880390526566
322026,1.32166862124903,103.862717909816
670545,1.38159642060888,103.763496336507
610352,1.33936578851082,103.720184382685
570197,1.34910117325148,103.85071054062
271004,1.30796826743788,103.795646469655
142054,1.30164998857118,103.796796430411
120728,1.3056127219172,103.76360266187
120319,1.31738024777586,103.764787030207
570409,1.36221019788509,103.834946047117
678278,1.37843100800213,103.762842789877
380008,1.31298450085135,103.870430262585
641275,1.35241293267711,103.702221239788
570181,1.34912207972494,103.852880896047
161079,1.29107462413343,103.828690172458
120305,1.32206109134409,103.766014023221
640404,1.35392288813097,103.72250572335
100044,1.27129597566763,103.810507576844
560651,1.3830203830033,103.841780326812
790465,1.39814678014706,103.876538391161
828629,1.4086677649755,103.905220612757
797383,1.39057625467062,103.87294634443
821673,1.40667672210889,103.911613297113
588534,1.34050988109959,103.782401339527
188553,1.29755506526153,103.852228303832
209062,1.30869628841784,103.862571242237
540266,1.38187771301641,103.897039857818
670522,1.3863359929313,103.766165401472
769027,1.42429829576671,103.840902278162
556057,1.36848447708278,103.861852916128
469371,1.32375594218437,103.953945209958
530406,1.37363949194651,103.896187665708
543319,1.39088901071724,103.89063413206
600414,1.32008314222894,103.747247313974
730900,1.43505698925938,103.787004308703
820670,1.40582243576577,103.913245788569
169053,1.2857514128117,103.835938248496
510590,1.37623215328946,103.948333319755
339843,1.32441878202316,103.865899478086
678091,1.36106463746906,103.767474123955
142095,1.29608900588749,103.811942985939
248922,1.29602160157967,103.815564059488
339949,1.31691578544271,103.863109192276
388410,1.31826224575141,103.881336904053
767944,1.41470892392505,103.831102367478
556141,1.34736435578587,103.876770434362
521964,1.33793689570174,103.93931886353
678541,1.35993338776998,103.768483373559
638270,1.33762992307565,103.690580374817
760277,1.4379184368119,103.836994609459
120714,1.30430341306691,103.761682084014
329762,1.32389123551838,103.85199484154
822615,1.40374587144445,103.909882888515
650215,1.34677496983575,103.753335935038
118733,1.29154211888766,103.771165065693
828772,1.40172590450528,103.898794262307
489480,1.3378470793962,103.954988089426
609933,1.32803882402513,103.748337570084
520647,1.36739236053972,103.941824444979
791409,1.38906494156565,103.877151925492
538875,1.35885655122959,103.889428402404
669723,1.36679135796031,103.764047336021
239850,1.29825648344236,103.838031480508
380118,1.32000040187831,103.887363064677
574141,1.35731806281412,103.826249289267
534514,1.34434234234703,103.871088540199
787013,1.40312611744764,103.818927770175
530321,1.36710131174973,103.898278016767
400037,1.3216064888907,103.901815444481
218577,1.30894457386777,103.851699014822
554360,1.37598331035084,103.870647299542
239359,1.2928804188083,103.839650939705
142057,1.2927033982769,103.810958960275
467903,1.32238449434156,103.950004048982
460219,1.32496457628748,103.932948087606
289627,1.33085621525464,103.799435789788
248963,1.29661103498164,103.829094842599
469004,1.32261602916532,103.920965883003
469538,1.3318149698608,103.947573704085
149601,1.30620353695739,103.799219242374
188659,1.30209131060406,103.85198096735
268910,1.32178569263784,103.810754240842
520817,1.34763507689117,103.936695602239
268155,1.31804545639093,103.805593236532
267214,1.3241220949637,103.796877267755
669898,1.35790244979157,103.759950720399
518458,1.36790211151825,103.964462067712
569898,1.37468314366278,103.837307018023
287773,1.331436962548,103.798326696038
680276,1.37956864583538,103.744327184637
527491,1.3629698988553,103.954391828405
530247,1.35916574841404,103.891524298457
510273,1.36484627308961,103.964113181254
319642,1.33532588681913,103.844958649497
258850,1.30828402661589,103.808984701618
546934,1.36391639149308,103.876129842722
689464,1.37696617007872,103.745514690391
608838,1.33225990249213,103.748074842021
129781,1.29969494386434,103.768262238489
576013,1.3546145776267,103.842678923769
677743,1.37948804026655,103.764594965051
669949,1.35752680523822,103.758507568954
650148,1.34927162953551,103.74359094183
159016,1.2912990413487,103.823940802388
428915,1.30759648518797,103.906933727682
730701,1.44179708204768,103.796074026236
828850,1.40086188874342,103.909687769552
510764,1.37630704678294,103.934559269205
119962,1.27521485721291,103.801329949505
570178,1.34812743111822,103.852330274842
640541,1.35104298967476,103.715983010132
544835,1.39602238832875,103.891834051543
569878,1.37637683547682,103.843252803742
730874,1.44293234437699,103.7895456612
648368,1.33917519796104,103.698803732244
159506,1.28836513365487,103.811949390719
820261,1.40541353588128,103.896823897352
570114,1.34755267473738,103.848880424202
670435,1.38603975530039,103.770196329443
680417,1.38296498350584,103.741578052416
600241,1.3414812934447,103.742973359591
267551,1.32694822773844,103.794576037894
510104,1.36795278031259,103.958702645232
267828,1.31286097636488,103.796123267353
423797,1.31542666810107,103.909938273606
425542,1.31259905299822,103.913240225331
427664,1.30691767591799,103.90455456909
768866,1.42425474652947,103.845482462681
520633,1.36551980812276,103.941330282181
680530,1.3926269274726,103.741798790047
670111,1.37816747421231,103.768365653762
568179,1.36968205235836,103.832331455405
673636,1.38743454593269,103.759118571415
239926,1.29678685447683,103.844162425218
467905,1.32241283547453,103.949906084159
757087,1.44477273200993,103.812740484665
546871,1.36872483704663,103.880678266952
520707,1.35764787544338,103.936890975709
730161,1.43333488744226,103.773674045037
640502,1.35050127679181,103.718334683095
760832,1.41475962294169,103.834648982061
822274,1.40311626293288,103.90228736359
618720,1.3331903279661,103.723491055902
570305,1.35011506071478,103.838727571988
805939,1.38910776140252,103.863907555864
579792,1.34705533235309,103.854929742685
347836,1.32879797339654,103.869271361818
650415,1.36326877890118,103.746610701623
600134,1.33386247049935,103.738708271258
309007,1.31930872020019,103.832058809956
459098,1.31289677586148,103.924111308524
534238,1.37738245231461,103.880805274557
524493,1.36265958374201,103.952012448684
768923,1.4403210014766,103.840575731125
669682,1.37840341525974,103.759750970414
567708,1.39127591953143,103.850468725185
636741,1.35333844629944,103.691586998434
618640,1.32590631772822,103.724523370026
828848,1.39648195114256,103.91233462071
532365,1.36920419004326,103.897512942583
769028,1.41590195697649,103.839100590207
577178,1.3484243232319,103.841569037581
760239,1.43359514649201,103.839685373602
518866,1.37505696315817,103.945289416873
437565,1.31315569904385,103.892811979814
425500,1.31182050839719,103.910557234076
680511,1.38932946700346,103.740872171249
138639,1.30541103549045,103.788371152389
828728,1.40744168163777,103.898762173662
100092,1.27621463534143,103.807644658523
319763,1.33452048243981,103.842598451486
408600,1.31893132637472,103.894482925602
751126,1.44515880423783,103.834981318758
535821,1.34313977129002,103.883690290044
103104,1.28054680666877,103.811571538761
609337,1.32121263312012,103.745983714282
456192,1.31565625391676,103.919245736107
787502,1.38714165635526,103.829170506669
670537,1.38372140816294,103.763127776187
680483,1.37584148701172,103.737757429932
387606,1.31480381755514,103.879132926786
821308,1.40776143065745,103.900998963843
360221,1.34172888603572,103.880577622977
510443,1.36944395800279,103.957368900692
680411,1.38105979818198,103.741260167797
730580,1.43058440482082,103.796276091664
449290,1.31004098731359,103.931988303024
650108,1.34744385349941,103.746502064421
730567,1.42801113602749,103.788742088987
541212,1.38639821816065,103.899960023429
523961,1.33867077147747,103.937331818938
689964,1.38857898362464,103.747234129678
730725,1.44435697271584,103.799119701865
569228,1.37196445720109,103.851763531681
217567,1.31243078021903,103.850770929023
690224,1.35789081335556,103.73034522915
759791,1.45624875351641,103.829596621487
488730,1.33401693368252,103.946428507159
339407,1.31215967710055,103.86294146611
159948,1.29130379873071,103.807350988389
469300,1.31720341663064,103.94575943784
542327,1.39564692396471,103.888633285424
361214,1.34311119403389,103.874917224342
730768,1.44571784134906,103.798166316676
730401,1.43044857662667,103.77277407376
672550,1.38959118621,103.76744702208
537727,1.36928567228033,103.892579653642
671524,1.38529556252963,103.766170532051
763315,1.43236735703997,103.843300870773
596709,1.33962376690998,103.768994417367
319579,1.33735130750324,103.848494462701
540145,1.3899004407988,103.906070343849
520823,1.3487449454775,103.934024716838
347931,1.32943551112394,103.870868278527
470743,1.33849476902923,103.921762627394
680533,1.39206782341869,103.743102282335
680612,1.40000866051722,103.744352713589
768698,1.41795288501536,103.841268831617
670256,1.37904775889844,103.773004042544
530202,1.35754686861981,103.883962381949
643667,1.34114842114912,103.702295748842
761348,1.42735308102406,103.84121918037
821211,1.40175984290477,103.899944356053
440050,1.30531622845083,103.915886828532
650159,1.34857537953675,103.742708636413
521609,1.36361412499017,103.935357759734
730749,1.44453455130133,103.794468979411
683805,1.37268736243732,103.743618216079
760378,1.44220304612423,103.829019210407
650501,1.35149318644467,103.75499812254
319253,1.3404276785035,103.857055779648
692131,1.35634619889737,103.732858493426
753592,1.45093931289388,103.828070545183
760676,1.42162829335003,103.841810408056
466497,1.31412070729695,103.940617040387
460409,1.3281029219141,103.932938109001
569830,1.38034089934688,103.848083337667
547227,1.36416808280893,103.876884882643
119936,1.27766459059549,103.797742999491
540217,1.38975552495157,103.894482345649
307584,1.31486729263616,103.844295021463
119082,1.29277432702258,103.784084020155
269735,1.32507540976081,103.801479465233
139659,1.30415613270506,103.779206327383
149456,1.29474611826682,103.806830290183
380005,1.31264014497827,103.872491873561
423935,1.30607572408294,103.909344669229
228126,1.30393726725379,103.84798498284
458235,1.31356351227081,103.919891264179
339411,1.30979213426252,103.865023834958
440089,1.30129037884726,103.906458593236
534965,1.34832065948185,103.880802522926
692308,1.36098636019182,103.737747004718
419006,1.32303429769631,103.915442440409
409046,1.33117922769347,103.888329839827
820407,1.41675822948163,103.902077462626
640934,1.34223795658444,103.688737672784
589445,1.33481631550287,103.788060587472
488718,1.33429482865382,103.947431212285
654288,1.34551240744243,103.758897488955
239426,1.29198111835787,103.834261909893
750355,1.44954485621129,103.81872759237
680229,1.38065374616798,103.746367294001
677781,1.37328302243363,103.772967398098
689236,1.39059559281482,103.748024129362
400357,1.32897223349074,103.898782658385
521954,1.34333728229859,103.937280857532
463807,1.32799794181798,103.923248603049
307987,1.31978249878705,103.842142960008
319387,1.32988651708771,103.854213740191
597627,1.31984371963095,103.779326736396
397698,1.30138935190771,103.873463679897
118523,1.27731477765259,103.796527879731
348796,1.33280873217084,103.876090448941
640610,1.33832454101485,103.700856213629
228085,1.30380782656484,103.84702376256
650277,1.34737713969744,103.758002985557
589622,1.33329924066603,103.788798898908
247964,1.30561166483047,103.82296294094
510426,1.36995839740321,103.955787848869
510412,1.37338314330641,103.955097085831
520241,1.35461516668329,103.947116640698
460064,1.32421853827826,103.939856749673
609964,1.3274754002115,103.753564699613
560645,1.37927553533411,103.842235624758
520297,1.35114990913318,103.954792487016
102078,1.27363295987739,103.808335234515
640420,1.35057175087713,103.72717276553
640406,1.35431434826725,103.722395947126
539643,1.35652150581016,103.881586042582
266774,1.31814896982052,103.806787279043
457127,1.31406788468779,103.928569437981
576416,1.35369666590847,103.829315028701
510472,1.37416575605544,103.957269905237
460159,1.31904852200582,103.945622112493
760122,1.43499758920055,103.831124796378
640976,1.34000730508584,103.693804703262
600248,1.34227314416197,103.740101369089
644660,1.33638400961294,103.703382722652
601022,1.32329735064856,103.739388090206
486035,1.33796640067292,103.964628553987
486046,1.34417230916592,103.965050995077
468699,1.31381419522516,103.935266659956
319001,1.34313731285966,103.85139383899
329683,1.32095396089287,103.852301346749
469332,1.3219367154385,103.931534884849
387907,1.31591207493337,103.890016328182
679043,1.36529828204937,103.769619552239
329983,1.32708693676831,103.846605162304
328182,1.32388726630046,103.864269825541
588406,1.34651918177788,103.780960180418
677622,1.3655707838852,103.77504908361
787472,1.38360082789645,103.826021990946
569771,1.38149880313709,103.846785923565
519612,1.37382437779468,103.948748873616
117439,1.27489854965908,103.799045092245
520476,1.3609228362912,103.953359372741
530541,1.37746143213216,103.891272654803
520354,1.35486140227222,103.962498873896
541178,1.3889732362803,103.909651594176
650461,1.35461320218048,103.739721653959
341115,1.33645283610396,103.87276093968
820218,1.40322712524584,103.89538702242
750101,1.45139998591606,103.830859953414
732571,1.43013162811199,103.79064244746
650446,1.35017339059587,103.739086387813
650447,1.35269613917058,103.739809933376
458493,1.319768568322,103.921356987677
760626,1.41749366890869,103.835749017424
669915,1.35752640518369,103.760075727441
668947,1.35884961898497,103.761904463885
428802,1.30520653617341,103.905046110228
650211,1.34600090748097,103.750367726623
790460,1.3942609344157,103.869618891317
791417,1.39157654101303,103.880697269897
522875,1.35291999213671,103.929501131497
320149,1.31832960459766,103.859383978238
360202,1.33988402424235,103.87143271777
589240,1.34463618560807,103.775711946075
436788,1.30759466489691,103.893028962091
537319,1.36062589411973,103.890415463242
640484,1.34820888556575,103.726357754906
820612,1.40461003085618,103.908665597491
600316,1.34579717453294,103.73230005742
360017,1.33616230952626,103.881375973843
118643,1.28750746189231,103.779791666774
822621,1.40135242371368,103.910103854716
820198,1.39946295698553,103.906402433518
690111,1.3561912992951,103.734114100714
119968,1.27739855841062,103.799423212198
510716,1.38310157275173,103.936732575912
529906,1.33946174229267,103.949306367827
470775,1.33655001322406,103.935821972335
684690,1.4019620367156,103.751987230663
730789,1.44333483396307,103.802378401908
521112,1.34629813577257,103.947509805595
440046,1.30510474826351,103.912659611854
730649,1.4389359336048,103.800962467196
650319,1.36139508011177,103.746516655571
821447,1.41732237795885,103.912385865941
521519,1.35727594461393,103.940381600354
730795,1.44302317833682,103.804141540228
529426,1.3504863946694,103.943573098509
469003,1.32305880685891,103.921008511637
569897,1.37300750160253,103.837612421294
319252,1.34032298622598,103.855651157354
545270,1.39087138721011,103.903298054206
530176,1.34860534483955,103.889138404551
408555,1.33165249966586,103.897018752154
799752,1.40305345907378,103.870912926915
460135,1.32873201687201,103.936506734604
560556,1.37203236308683,103.857625375797
117488,1.27871081601751,103.788326858134
760852,1.41608349208477,103.836622433592
528888,1.34455327244556,103.943562468139
670412,1.38289762281394,103.768275120432
560227,1.36877838877909,103.840273944362
310190,1.33297850244995,103.848832062985
739147,1.44503161459716,103.777388965296
546663,1.39276699974301,103.900866964164
758467,1.45026233556384,103.828389963202
549405,1.36016979746082,103.881080577567
398008,1.30846564032774,103.878984638613
679946,1.38896618016838,103.766256126816
536202,1.34233538123589,103.885810659572
828819,1.40000881091199,103.91307153053
680123,1.37919635460193,103.749457687117
320105,1.32857909987613,103.85387252356
760461,1.42841338853064,103.84997365333
309975,1.32382852732528,103.848363903326
824175,1.39847060510127,103.907769343307
787087,1.37858688579208,103.830341460725
534682,1.3585780812249,103.881854275192
670645,1.38876678784691,103.763383747539
520891,1.34922500505617,103.931119227762
530246,1.35876257644019,103.89146007731
159345,1.28492939416037,103.808520956734
544969,1.39036998654612,103.887165375933
828716,1.4044595121197,103.910896590133
560611,1.37829205175133,103.83725190016
598523,1.34291908603097,103.767221081025
400326,1.32717743985411,103.903801522508
400412,1.31831563774111,103.899024728378
603285,1.33788840375922,103.746604060748
600271,1.34168199586003,103.746245539012
650241,1.35089523097055,103.754544469239
730853,1.43943463826363,103.79309818014
730824,1.4392326838762,103.788699950515
730677,1.43938615079437,103.801706472939
520273,1.3486918230885,103.95042750892
530937,1.37474487311265,103.879297103173
461030,1.32352678248226,103.936423896498
458177,1.31475091418836,103.918712279031
668111,1.37628509311549,103.758282343478
573955,1.36012941316953,103.833738087631
509025,1.3784836702768,103.958219159144
731306,1.43004497651501,103.775115110423
576101,1.35287844756844,103.842430629926
545571,1.35806026279456,103.875116232416
769099,1.43686614981845,103.83434033765
688847,1.38261285339265,103.749937134969
278418,1.31025414286293,103.799257712029
380111,1.32039727554777,103.884246841453
357971,1.34715335920687,103.869823844926
535136,1.36096920251077,103.892561841954
555876,1.36920169650272,103.875626645957
449283,1.30985511226841,103.927555265906
739983,1.44072763040994,103.771877540825
148952,1.29813057936034,103.80095202592
679943,1.37814088359883,103.772732863586
618617,1.33544840128089,103.719566221744
730664,1.43619845351274,103.797798856264
129880,1.31881519469651,103.768153682089
160568,1.28991402621127,103.831035210088
259367,1.31874454303372,103.820233186205
680448,1.38013841525407,103.737337537627
680435,1.38513876286097,103.741050024231
549954,1.35266364863968,103.875635644537
456650,1.31122887916453,103.93269377374
768893,1.43077105514902,103.83859822357
649883,1.34749841015121,103.71119757097
486066,1.33496046407672,103.96544530684
449274,1.30451986138534,103.906370025476
438052,1.29847422183563,103.889075325437
487127,1.33849325293224,103.957699570662
760367,1.42959194827855,103.845121454277
574245,1.34479303938429,103.837532691281
769372,1.43902186863233,103.82805023831
759130,1.4259064249659,103.823772309141
769923,1.43733850098607,103.827551600656
609648,1.33565062343555,103.738413320052
169715,1.28345252523339,103.83188270636
298137,1.33350669538099,103.839776129849
210050,1.3131547875762,103.850908276253
670226,1.37523655617182,103.772368431232
760311,1.43157506974497,103.840815309067
658065,1.33707416698556,103.759687213013
760408,1.42625360262732,103.848427509202
370031,1.32968232972727,103.885407998763
470122,1.33197885903725,103.910623676887
470620,1.33433431952628,103.917712569623
797650,1.39165412570696,103.877189699517
544583,1.38514646288138,103.90235039044
127473,1.3157512922864,103.75359164324
460201,1.32613049575596,103.927924007858
596360,1.34417619807747,103.774079415827
544799,1.39495818021916,103.889896508672
550518,1.3716417290328,103.874102228394
510517,1.37468101222365,103.943850333671
750413,1.45172077420079,103.817832291936
461032,1.32371728387748,103.92500108451
460172,1.32066917100909,103.94468952936
640825,1.34619008816048,103.693228527345
545271,1.39104686098999,103.902958684595
670450,1.38452839749609,103.772431736418
560502,1.37572474108554,103.849934308508
599057,1.33605522938934,103.767874634784
730730,1.44250944568635,103.797703850444
732687,1.44188538567396,103.807161950468
680679,1.40248288767082,103.744473228702
597611,1.33828864777463,103.775479086643
258352,1.31283861886906,103.826031940569
229944,1.31030734224291,103.83895719466
533979,1.37953890276955,103.879954453242
730369,1.43343620706593,103.787422676205
731896,1.43692442499246,103.792568796601
609935,1.32760824365397,103.749219232772
659206,1.35261962406511,103.749375894963
648141,1.34980792115604,103.708337146037
650118,1.35002281324818,103.746498297797
738621,1.43583173604823,103.780638938678
190462,1.30458618029941,103.860840750826
267211,1.32402554036861,103.796786630296
680567,1.39513213185951,103.74587529176
534818,1.3367576238964,103.88693685929
730608,1.43621968262254,103.796496127558
680543,1.39402626918013,103.744121086614
760223,1.43436727337775,103.835602685564
544644,1.38929190736706,103.900231388203
731899,1.43613334620394,103.795264285267
330002,1.31687158155777,103.859945606885
117783,1.28570778791483,103.794457098498
680786,1.39508339823971,103.748349087563
519732,1.38294870093472,103.943222170818
357741,1.33924560642212,103.869770060845
670167,1.37768707307101,103.765102401589
618494,1.32454068590991,103.720165890155
807381,1.38449809385766,103.865268101916
806787,1.38059961838824,103.867423838339
598606,1.34117840029228,103.772116406784
339771,1.31780291219961,103.862373287007
569814,1.37178551879642,103.847775723803
550423,1.34849544899052,103.875566867625
339351,1.32127642047116,103.870756976652
127370,1.30287178498415,103.765810204618
139658,1.30964603329964,103.774586761471
670254,1.37959332744982,103.773854600016
760312,1.43158235383889,103.8412806199
760357,1.42590766387746,103.845994782831
278967,1.31027747574118,103.795371163103
542336,1.39753870318824,103.889080056801
820192,1.39977092552222,103.90951433139
641665,1.34009319246619,103.703124305023
562455,1.36833017912554,103.858495667837
470745,1.33737622539858,103.921741211998
568659,1.37268757817195,103.838233492061
319515,1.33403623894465,103.850977706475
659441,1.35906257616677,103.748122250254
556108,1.3489768083841,103.868467129954
768857,1.4273013308197,103.844091119272
538787,1.37820062547641,103.894667159512
649188,1.34715462510442,103.700526720098
730302,1.43151114650567,103.774428431771
680003,1.38247656452574,103.752527980381
520233,1.34416651738392,103.956338326958
460424,1.32842001017396,103.927482674529
460131,1.32698509795919,103.935847895885
730012,1.44051412313324,103.778621615198
823171,1.39481475165028,103.913160942886
560644,1.37914985571526,103.840938206473
650419,1.36179959646874,103.746031517905
680801,1.37504489335056,103.743531443413
828845,1.40505250226058,103.905299026568
649332,1.34686967259067,103.721559387203
277618,1.32840952045465,103.793207325664
738229,1.4280276339332,103.780906466067
608521,1.33153174119519,103.74525174092
768679,1.43397617334964,103.834050796658
659554,1.343728084174,103.753631320464
567720,1.37789204076074,103.856411982029
569920,1.36932176584608,103.839630858752
544974,1.38255066171151,103.89626457548
797701,1.38997939874565,103.874100979909
518935,1.37246063927999,103.957020286115
518798,1.37550677054835,103.934953276155
129857,1.31666529308968,103.767438999533
797538,1.39744694871873,103.88012374173
737803,1.44704733609149,103.801938959313
757702,1.45189083282189,103.822341940714
349700,1.33566084356265,103.87562006259
677742,1.38378546546228,103.760273432258
797636,1.3925400930811,103.874984869551
469680,1.32980598760785,103.931710293058
339948,1.32220848530291,103.865351336085
528565,1.3632481897246,103.938914821167
520400,1.35797322904481,103.949288295721
531214,1.35973915607808,103.886325198207
829910,1.41516149721594,103.90864932876
690135,1.35395054963196,103.730809078771
730909,1.43937781064689,103.785716390551
690300,1.35941522167952,103.73788984525
570533,1.35153278543815,103.852873809087
390054,1.31004800551081,103.884678198119
659839,1.35346842107271,103.741220066149
738951,1.43083316720505,103.794704217699
691302,1.35994742763631,103.739162811642
382020,1.31413253601651,103.874217315517
684485,1.37519914641013,103.738966077649
791415,1.3890450841015,103.879415312113
752101,1.45166310353079,103.831174909166
732894,1.43563853621561,103.790326073447
730586,1.42861439008497,103.794717960696
750333,1.44699020882626,103.816416175536
531996,1.38646844449981,103.881610480948
640991,,
